<NewDataSet>
  <xs:schema id="NewDataSet" xmlns="" xmlns:xs="http://www.w3.org/2001/XMLSchema" xmlns:msdata="urn:schemas-microsoft-com:xml-msdata">
    <xs:element name="NewDataSet" msdata:IsDataSet="true" msdata:UseCurrentLocale="true">
      <xs:complexType>
        <xs:choice minOccurs="0" maxOccurs="unbounded">
          <xs:element name="dbo.WorkItemActivity">
            <xs:complexType>
              <xs:sequence>
                <xs:element name="Id" type="xs:int" minOccurs="0" />
                <xs:element name="WorkItemId" type="xs:int" minOccurs="0" />
                <xs:element name="ActivityId" type="xs:int" minOccurs="0" />
                <xs:element name="UserId" type="xs:int" minOccurs="0" />
                <xs:element name="CreatedBy" type="xs:string" minOccurs="0" />
                <xs:element name="DateCreated" type="xs:dateTime" minOccurs="0" />
                <xs:element name="ModifiedBy" type="xs:string" minOccurs="0" />
                <xs:element name="DateModified" type="xs:dateTime" minOccurs="0" />
                <xs:element name="HtmlText" type="xs:string" minOccurs="0" />
                <xs:element name="MarkdownText" type="xs:string" minOccurs="0" />
                <xs:element name="Impediments" type="xs:int" minOccurs="0" />
                <xs:element name="IsOnTime" type="xs:boolean" minOccurs="0" />
                <xs:element name="EstimateDays" type="xs:decimal" minOccurs="0" />
              </xs:sequence>
            </xs:complexType>
          </xs:element>
          <xs:element name="app.CloseReason">
            <xs:complexType>
              <xs:sequence>
                <xs:element name="Id" type="xs:int" minOccurs="0" />
                <xs:element name="Name" type="xs:string" minOccurs="0" />
                <xs:element name="Description" type="xs:string" minOccurs="0" />
              </xs:sequence>
            </xs:complexType>
          </xs:element>
          <xs:element name="dbo.WorkspaceUser">
            <xs:complexType>
              <xs:sequence>
                <xs:element name="Id" type="xs:int" minOccurs="0" />
                <xs:element name="WorkspaceId" type="xs:int" minOccurs="0" />
                <xs:element name="UserId" type="xs:int" minOccurs="0" />
                <xs:element name="IsRequest" type="xs:boolean" minOccurs="0" />
                <xs:element name="IsEnabled" type="xs:boolean" minOccurs="0" />
                <xs:element name="CreatedBy" type="xs:string" minOccurs="0" />
                <xs:element name="DateCreated" type="xs:dateTime" minOccurs="0" />
                <xs:element name="ModifiedBy" type="xs:string" minOccurs="0" />
                <xs:element name="DateModified" type="xs:dateTime" minOccurs="0" />
              </xs:sequence>
            </xs:complexType>
          </xs:element>
          <xs:element name="dbo.HandOff">
            <xs:complexType>
              <xs:sequence>
                <xs:element name="Id" type="xs:int" minOccurs="0" />
                <xs:element name="WorkItemId" type="xs:int" minOccurs="0" />
                <xs:element name="FromUserId" type="xs:int" minOccurs="0" />
                <xs:element name="FromActivityId" type="xs:int" minOccurs="0" />
                <xs:element name="ToActivityId" type="xs:int" minOccurs="0" />
                <xs:element name="IsForward" type="xs:boolean" minOccurs="0" />
                <xs:element name="MarkdownText" type="xs:string" minOccurs="0" />
                <xs:element name="HtmlText" type="xs:string" minOccurs="0" />
                <xs:element name="CreatedBy" type="xs:string" minOccurs="0" />
                <xs:element name="DateCreated" type="xs:dateTime" minOccurs="0" />
                <xs:element name="ModifiedBy" type="xs:string" minOccurs="0" />
                <xs:element name="DateModified" type="xs:dateTime" minOccurs="0" />
              </xs:sequence>
            </xs:complexType>
          </xs:element>
          <xs:element name="dbo.__EFMigrationsHistory">
            <xs:complexType>
              <xs:sequence>
                <xs:element name="MigrationId" type="xs:string" minOccurs="0" />
                <xs:element name="ProductVersion" type="xs:string" minOccurs="0" />
              </xs:sequence>
            </xs:complexType>
          </xs:element>
          <xs:element name="dbo.AspNetRoles">
            <xs:complexType>
              <xs:sequence>
                <xs:element name="Id" type="xs:string" minOccurs="0" />
                <xs:element name="Name" type="xs:string" minOccurs="0" />
                <xs:element name="NormalizedName" type="xs:string" minOccurs="0" />
                <xs:element name="ConcurrencyStamp" type="xs:string" minOccurs="0" />
              </xs:sequence>
            </xs:complexType>
          </xs:element>
          <xs:element name="dbo.AspNetUsers">
            <xs:complexType>
              <xs:sequence>
                <xs:element name="Id" type="xs:string" minOccurs="0" />
                <xs:element name="UserName" type="xs:string" minOccurs="0" />
                <xs:element name="NormalizedUserName" type="xs:string" minOccurs="0" />
                <xs:element name="Email" type="xs:string" minOccurs="0" />
                <xs:element name="NormalizedEmail" type="xs:string" minOccurs="0" />
                <xs:element name="EmailConfirmed" type="xs:boolean" minOccurs="0" />
                <xs:element name="PasswordHash" type="xs:string" minOccurs="0" />
                <xs:element name="SecurityStamp" type="xs:string" minOccurs="0" />
                <xs:element name="ConcurrencyStamp" type="xs:string" minOccurs="0" />
                <xs:element name="PhoneNumber" type="xs:string" minOccurs="0" />
                <xs:element name="PhoneNumberConfirmed" type="xs:boolean" minOccurs="0" />
                <xs:element name="TwoFactorEnabled" type="xs:boolean" minOccurs="0" />
                <xs:element name="LockoutEnd" msdata:DataType="System.DateTimeOffset" type="xs:anyType" minOccurs="0" />
                <xs:element name="LockoutEnabled" type="xs:boolean" minOccurs="0" />
                <xs:element name="AccessFailedCount" type="xs:int" minOccurs="0" />
                <xs:element name="UserId" type="xs:int" minOccurs="0" />
                <xs:element name="TimeZoneId" type="xs:string" minOccurs="0" />
                <xs:element name="DisplayName" type="xs:string" minOccurs="0" />
                <xs:element name="WorkspaceId" type="xs:int" minOccurs="0" />
              </xs:sequence>
            </xs:complexType>
          </xs:element>
          <xs:element name="dbo.AspNetRoleClaims">
            <xs:complexType>
              <xs:sequence>
                <xs:element name="Id" type="xs:int" minOccurs="0" />
                <xs:element name="RoleId" type="xs:string" minOccurs="0" />
                <xs:element name="ClaimType" type="xs:string" minOccurs="0" />
                <xs:element name="ClaimValue" type="xs:string" minOccurs="0" />
              </xs:sequence>
            </xs:complexType>
          </xs:element>
          <xs:element name="dbo.AspNetUserClaims">
            <xs:complexType>
              <xs:sequence>
                <xs:element name="Id" type="xs:int" minOccurs="0" />
                <xs:element name="UserId" type="xs:string" minOccurs="0" />
                <xs:element name="ClaimType" type="xs:string" minOccurs="0" />
                <xs:element name="ClaimValue" type="xs:string" minOccurs="0" />
              </xs:sequence>
            </xs:complexType>
          </xs:element>
          <xs:element name="dbo.Label">
            <xs:complexType>
              <xs:sequence>
                <xs:element name="Id" type="xs:int" minOccurs="0" />
                <xs:element name="WorkspaceId" type="xs:int" minOccurs="0" />
                <xs:element name="Name" type="xs:string" minOccurs="0" />
                <xs:element name="BackColor" type="xs:string" minOccurs="0" />
                <xs:element name="TextColor" type="xs:string" minOccurs="0" />
                <xs:element name="CreatedBy" type="xs:string" minOccurs="0" />
                <xs:element name="DateCreated" type="xs:dateTime" minOccurs="0" />
                <xs:element name="ModifiedBy" type="xs:string" minOccurs="0" />
                <xs:element name="DateModified" type="xs:dateTime" minOccurs="0" />
                <xs:element name="IsActive" type="xs:boolean" minOccurs="0" />
              </xs:sequence>
            </xs:complexType>
          </xs:element>
          <xs:element name="dbo.AspNetUserLogins">
            <xs:complexType>
              <xs:sequence>
                <xs:element name="LoginProvider" type="xs:string" minOccurs="0" />
                <xs:element name="ProviderKey" type="xs:string" minOccurs="0" />
                <xs:element name="ProviderDisplayName" type="xs:string" minOccurs="0" />
                <xs:element name="UserId" type="xs:string" minOccurs="0" />
              </xs:sequence>
            </xs:complexType>
          </xs:element>
          <xs:element name="dbo.WorkItemLabel">
            <xs:complexType>
              <xs:sequence>
                <xs:element name="Id" type="xs:int" minOccurs="0" />
                <xs:element name="WorkItemId" type="xs:int" minOccurs="0" />
                <xs:element name="LabelId" type="xs:int" minOccurs="0" />
                <xs:element name="CreatedBy" type="xs:string" minOccurs="0" />
                <xs:element name="DateCreated" type="xs:dateTime" minOccurs="0" />
                <xs:element name="ModifiedBy" type="xs:string" minOccurs="0" />
                <xs:element name="DateModified" type="xs:dateTime" minOccurs="0" />
              </xs:sequence>
            </xs:complexType>
          </xs:element>
          <xs:element name="dbo.AspNetUserRoles">
            <xs:complexType>
              <xs:sequence>
                <xs:element name="UserId" type="xs:string" minOccurs="0" />
                <xs:element name="RoleId" type="xs:string" minOccurs="0" />
              </xs:sequence>
            </xs:complexType>
          </xs:element>
          <xs:element name="dbo.AspNetUserTokens">
            <xs:complexType>
              <xs:sequence>
                <xs:element name="UserId" type="xs:string" minOccurs="0" />
                <xs:element name="LoginProvider" type="xs:string" minOccurs="0" />
                <xs:element name="Name" type="xs:string" minOccurs="0" />
                <xs:element name="Value" type="xs:string" minOccurs="0" />
              </xs:sequence>
            </xs:complexType>
          </xs:element>
          <xs:element name="dbo.WorkItemRequirements">
            <xs:complexType>
              <xs:sequence>
                <xs:element name="Id" type="xs:int" minOccurs="0" />
                <xs:element name="WorkItemId" type="xs:int" minOccurs="0" />
                <xs:element name="Rank" type="xs:int" minOccurs="0" />
                <xs:element name="MarkdownText" type="xs:string" minOccurs="0" />
                <xs:element name="HtmlText" type="xs:string" minOccurs="0" />
                <xs:element name="CreatedBy" type="xs:string" minOccurs="0" />
                <xs:element name="DateCreated" type="xs:dateTime" minOccurs="0" />
                <xs:element name="ModifiedBy" type="xs:string" minOccurs="0" />
                <xs:element name="DateModified" type="xs:dateTime" minOccurs="0" />
              </xs:sequence>
            </xs:complexType>
          </xs:element>
          <xs:element name="dbo.Folder">
            <xs:complexType>
              <xs:sequence>
                <xs:element name="Id" type="xs:int" minOccurs="0" />
                <xs:element name="ParentId" type="xs:int" minOccurs="0" />
                <xs:element name="Name" type="xs:string" minOccurs="0" />
                <xs:element name="CreatedBy" type="xs:string" minOccurs="0" />
                <xs:element name="DateCreated" type="xs:dateTime" minOccurs="0" />
                <xs:element name="ModifiedBy" type="xs:string" minOccurs="0" />
                <xs:element name="DateModified" type="xs:dateTime" minOccurs="0" />
                <xs:element name="OwnerUserId" type="xs:int" minOccurs="0" />
                <xs:element name="Description" type="xs:string" minOccurs="0" />
              </xs:sequence>
            </xs:complexType>
          </xs:element>
          <xs:element name="dbo.Activity">
            <xs:complexType>
              <xs:sequence>
                <xs:element name="Id" type="xs:int" minOccurs="0" />
                <xs:element name="WorkspaceId" type="xs:int" minOccurs="0" />
                <xs:element name="Name" type="xs:string" minOccurs="0" />
                <xs:element name="CreatedBy" type="xs:string" minOccurs="0" />
                <xs:element name="DateCreated" type="xs:dateTime" minOccurs="0" />
                <xs:element name="ModifiedBy" type="xs:string" minOccurs="0" />
                <xs:element name="DateModified" type="xs:dateTime" minOccurs="0" />
                <xs:element name="Order" type="xs:int" minOccurs="0" />
                <xs:element name="IsActive" type="xs:boolean" minOccurs="0" />
              </xs:sequence>
            </xs:complexType>
          </xs:element>
          <xs:element name="dbo.WorkItem">
            <xs:complexType>
              <xs:sequence>
                <xs:element name="Id" type="xs:int" minOccurs="0" />
                <xs:element name="WorkspaceId" type="xs:int" minOccurs="0" />
                <xs:element name="Number" type="xs:int" minOccurs="0" />
                <xs:element name="Title" type="xs:string" minOccurs="0" />
                <xs:element name="CreatedBy" type="xs:string" minOccurs="0" />
                <xs:element name="DateCreated" type="xs:dateTime" minOccurs="0" />
                <xs:element name="ModifiedBy" type="xs:string" minOccurs="0" />
                <xs:element name="DateModified" type="xs:dateTime" minOccurs="0" />
                <xs:element name="ActivityId" type="xs:int" minOccurs="0" />
                <xs:element name="Iteration" type="xs:int" minOccurs="0" />
                <xs:element name="FolderId" type="xs:int" minOccurs="0" />
                <xs:element name="ParentId" type="xs:int" minOccurs="0" />
                <xs:element name="CloseReasonId" type="xs:int" minOccurs="0" />
              </xs:sequence>
            </xs:complexType>
          </xs:element>
          <xs:element name="dbo.Workspace">
            <xs:complexType>
              <xs:sequence>
                <xs:element name="Id" type="xs:int" minOccurs="0" />
                <xs:element name="Name" type="xs:string" minOccurs="0" />
                <xs:element name="NextWorkItemNumber" type="xs:int" minOccurs="0" />
                <xs:element name="CreatedBy" type="xs:string" minOccurs="0" />
                <xs:element name="DateCreated" type="xs:dateTime" minOccurs="0" />
                <xs:element name="ModifiedBy" type="xs:string" minOccurs="0" />
                <xs:element name="DateModified" type="xs:dateTime" minOccurs="0" />
                <xs:element name="IterationSetupId" type="xs:int" minOccurs="0" />
                <xs:element name="OwnerUserId" type="xs:int" minOccurs="0" />
                <xs:element name="IterationScheduleId" type="xs:int" minOccurs="0" />
              </xs:sequence>
            </xs:complexType>
          </xs:element>
          <xs:element name="dbo.FolderLevel">
            <xs:complexType>
              <xs:sequence>
                <xs:element name="Id" type="xs:int" minOccurs="0" />
                <xs:element name="FolderOrWorkspaceId" type="xs:int" minOccurs="0" />
                <xs:element name="Level" type="xs:int" minOccurs="0" />
                <xs:element name="Name" type="xs:string" minOccurs="0" />
                <xs:element name="Icon" type="xs:string" minOccurs="0" />
                <xs:element name="CreatedBy" type="xs:string" minOccurs="0" />
                <xs:element name="DateCreated" type="xs:dateTime" minOccurs="0" />
                <xs:element name="ModifiedBy" type="xs:string" minOccurs="0" />
                <xs:element name="DateModified" type="xs:dateTime" minOccurs="0" />
              </xs:sequence>
            </xs:complexType>
          </xs:element>
          <xs:element name="dbo.IterationSchedule">
            <xs:complexType>
              <xs:sequence>
                <xs:element name="Id" type="xs:int" minOccurs="0" />
                <xs:element name="WorkspaceId" type="xs:int" minOccurs="0" />
                <xs:element name="Name" type="xs:string" minOccurs="0" />
                <xs:element name="SeedDate" type="xs:dateTime" minOccurs="0" />
                <xs:element name="WorkingDays" type="xs:int" minOccurs="0" />
                <xs:element name="OffDays" type="xs:int" minOccurs="0" />
                <xs:element name="IsActive" type="xs:boolean" minOccurs="0" />
                <xs:element name="CreatedBy" type="xs:string" minOccurs="0" />
                <xs:element name="DateCreated" type="xs:dateTime" minOccurs="0" />
                <xs:element name="ModifiedBy" type="xs:string" minOccurs="0" />
                <xs:element name="DateModified" type="xs:dateTime" minOccurs="0" />
              </xs:sequence>
            </xs:complexType>
          </xs:element>
        </xs:choice>
      </xs:complexType>
    </xs:element>
  </xs:schema>
  <dbo.__EFMigrationsHistory>
    <MigrationId>00000000000000_CreateIdentitySchema</MigrationId>
    <ProductVersion>3.1.4</ProductVersion>
  </dbo.__EFMigrationsHistory>
  <dbo.AspNetUsers>
    <Id>625cabea-e19f-402e-b2d0-698b7790f5d5</Id>
    <UserName>adamo@sqlchartify.io</UserName>
    <NormalizedUserName>ADAMO@SQLCHARTIFY.IO</NormalizedUserName>
    <Email>adamo@sqlchartify.io</Email>
    <NormalizedEmail>ADAMO@SQLCHARTIFY.IO</NormalizedEmail>
    <EmailConfirmed>true</EmailConfirmed>
    <PasswordHash>AQAAAAEAACcQAAAAEGe9NiHqaoANr046xHrpxcNlE0ut7muOq5OanqA7ReU1ExjuJhyOk+p9YZdNqXye0A==</PasswordHash>
    <SecurityStamp>2YCT37JGLEDQRCXO44Z7XEBEYVAY2FKY</SecurityStamp>
    <ConcurrencyStamp>ec199225-745d-40f6-b226-3fa5bd8833f6</ConcurrencyStamp>
    <PhoneNumberConfirmed>false</PhoneNumberConfirmed>
    <TwoFactorEnabled>false</TwoFactorEnabled>
    <LockoutEnabled>true</LockoutEnabled>
    <AccessFailedCount>0</AccessFailedCount>
    <UserId>1</UserId>
    <TimeZoneId>Eastern Standard Time</TimeZoneId>
    <DisplayName>adamo</DisplayName>
    <WorkspaceId>1</WorkspaceId>
  </dbo.AspNetUsers>
  <dbo.Label>
    <Id>2</Id>
    <WorkspaceId>1</WorkspaceId>
    <Name>bug</Name>
    <BackColor>red</BackColor>
    <TextColor>white</TextColor>
    <CreatedBy>adamo@sqlchartify.io</CreatedBy>
    <DateCreated>2020-06-20T11:07:48.863-04:00</DateCreated>
    <IsActive>true</IsActive>
  </dbo.Label>
  <dbo.Label>
    <Id>3</Id>
    <WorkspaceId>1</WorkspaceId>
    <Name>feature</Name>
    <BackColor>#400661</BackColor>
    <TextColor>white</TextColor>
    <CreatedBy>adamo@sqlchartify.io</CreatedBy>
    <DateCreated>2020-06-20T11:08:10.23-04:00</DateCreated>
    <IsActive>true</IsActive>
  </dbo.Label>
  <dbo.Activity>
    <Id>4</Id>
    <WorkspaceId>1</WorkspaceId>
    <Name>Deploy</Name>
    <CreatedBy>adamo@sqlchartify.io</CreatedBy>
    <DateCreated>2020-06-20T11:08:34.847-04:00</DateCreated>
    <Order>3</Order>
    <IsActive>true</IsActive>
  </dbo.Activity>
  <dbo.Activity>
    <Id>1</Id>
    <WorkspaceId>1</WorkspaceId>
    <Name>Design</Name>
    <CreatedBy>adamo@sqlchartify.io</CreatedBy>
    <DateCreated>2020-06-20T11:08:17.083-04:00</DateCreated>
    <Order>0</Order>
    <IsActive>true</IsActive>
  </dbo.Activity>
  <dbo.Activity>
    <Id>2</Id>
    <WorkspaceId>1</WorkspaceId>
    <Name>Develop</Name>
    <CreatedBy>adamo@sqlchartify.io</CreatedBy>
    <DateCreated>2020-06-20T11:08:23.16-04:00</DateCreated>
    <Order>1</Order>
    <IsActive>true</IsActive>
  </dbo.Activity>
  <dbo.Activity>
    <Id>3</Id>
    <WorkspaceId>1</WorkspaceId>
    <Name>Test</Name>
    <CreatedBy>adamo@sqlchartify.io</CreatedBy>
    <DateCreated>2020-06-20T11:08:30.383-04:00</DateCreated>
    <Order>2</Order>
    <IsActive>true</IsActive>
  </dbo.Activity>
  <dbo.Workspace>
    <Id>1</Id>
    <Name>hoopla</Name>
    <NextWorkItemNumber>1000</NextWorkItemNumber>
    <CreatedBy>adamo@sqlchartify.io</CreatedBy>
    <DateCreated>2020-06-20T15:07:14.18-04:00</DateCreated>
    <ModifiedBy>adamo@sqlchartify.io</ModifiedBy>
    <DateModified>2020-06-20T11:07:33.08-04:00</DateModified>
    <OwnerUserId>1</OwnerUserId>
  </dbo.Workspace>
  <dbo.IterationSchedule>
    <Id>1</Id>
    <WorkspaceId>1</WorkspaceId>
    <Name>3-week</Name>
    <SeedDate>2020-06-22T00:00:00-04:00</SeedDate>
    <WorkingDays>15</WorkingDays>
    <OffDays>6</OffDays>
    <IsActive>true</IsActive>
    <CreatedBy>adamo@sqlchartify.io</CreatedBy>
    <DateCreated>2020-06-20T11:08:45.95-04:00</DateCreated>
    <ModifiedBy>adamo@sqlchartify.io</ModifiedBy>
    <DateModified>2020-06-20T11:08:59.527-04:00</DateModified>
  </dbo.IterationSchedule>
</NewDataSet>