{"dbo.WorkItemActivity":["SET ANSI_NULLS ON","SET QUOTED_IDENTIFIER ON","CREATE TABLE [dbo].[WorkItemActivity](\r\n\t[Id] [int] IDENTITY(1,1) NOT NULL,\r\n\t[WorkItemId] [int] NOT NULL,\r\n\t[ActivityId] [int] NOT NULL,\r\n\t[UserId] [int] NULL,\r\n\t[CreatedBy] [nvarchar](50) COLLATE SQL_Latin1_General_CP1_CI_AS NOT NULL,\r\n\t[DateCreated] [datetime] NOT NULL,\r\n\t[ModifiedBy] [nvarchar](50) COLLATE SQL_Latin1_General_CP1_CI_AS NULL,\r\n\t[DateModified] [datetime] NULL,\r\n\t[HtmlText] [nvarchar](max) COLLATE SQL_Latin1_General_CP1_CI_AS NULL,\r\n\t[MarkdownText] [nvarchar](max) COLLATE SQL_Latin1_General_CP1_CI_AS NULL,\r\n\t[Impediments] [int] NOT NULL,\r\n\t[IsOnTime] [bit] NULL,\r\n\t[EstimateDays] [decimal](4, 2) NULL,\r\n CONSTRAINT [PK_WorkItemActivity] PRIMARY KEY CLUSTERED \r\n(\r\n\t[WorkItemId] ASC,\r\n\t[ActivityId] ASC\r\n)WITH (PAD_INDEX = OFF, STATISTICS_NORECOMPUTE = OFF, IGNORE_DUP_KEY = OFF, ALLOW_ROW_LOCKS = ON, ALLOW_PAGE_LOCKS = ON) ON [PRIMARY],\r\n CONSTRAINT [U_WorkItemActivity_Id] UNIQUE NONCLUSTERED \r\n(\r\n\t[Id] ASC\r\n)WITH (PAD_INDEX = OFF, STATISTICS_NORECOMPUTE = OFF, IGNORE_DUP_KEY = OFF, ALLOW_ROW_LOCKS = ON, ALLOW_PAGE_LOCKS = ON) ON [PRIMARY]\r\n) ON [PRIMARY] TEXTIMAGE_ON [PRIMARY]\r\n"],"app.CloseReason":["SET ANSI_NULLS ON","SET QUOTED_IDENTIFIER ON","CREATE TABLE [app].[CloseReason](\r\n\t[Id] [int] IDENTITY(1,1) NOT NULL,\r\n\t[Name] [nvarchar](50) COLLATE SQL_Latin1_General_CP1_CI_AS NOT NULL,\r\n\t[Description] [nvarchar](255) COLLATE SQL_Latin1_General_CP1_CI_AS NULL,\r\n CONSTRAINT [PK_appCloseReason] PRIMARY KEY CLUSTERED \r\n(\r\n\t[Name] ASC\r\n)WITH (PAD_INDEX = OFF, STATISTICS_NORECOMPUTE = OFF, IGNORE_DUP_KEY = OFF, ALLOW_ROW_LOCKS = ON, ALLOW_PAGE_LOCKS = ON) ON [PRIMARY],\r\n CONSTRAINT [U_appCloseReason_Id] UNIQUE NONCLUSTERED \r\n(\r\n\t[Id] ASC\r\n)WITH (PAD_INDEX = OFF, STATISTICS_NORECOMPUTE = OFF, IGNORE_DUP_KEY = OFF, ALLOW_ROW_LOCKS = ON, ALLOW_PAGE_LOCKS = ON) ON [PRIMARY]\r\n) ON [PRIMARY]\r\n"],"dbo.WorkspaceUser":["SET ANSI_NULLS ON","SET QUOTED_IDENTIFIER ON","CREATE TABLE [dbo].[WorkspaceUser](\r\n\t[Id] [int] IDENTITY(1,1) NOT NULL,\r\n\t[WorkspaceId] [int] NOT NULL,\r\n\t[UserId] [int] NOT NULL,\r\n\t[IsRequest] [bit] NOT NULL,\r\n\t[IsEnabled] [bit] NOT NULL,\r\n\t[CreatedBy] [nvarchar](50) COLLATE SQL_Latin1_General_CP1_CI_AS NOT NULL,\r\n\t[DateCreated] [datetime] NOT NULL,\r\n\t[ModifiedBy] [nvarchar](50) COLLATE SQL_Latin1_General_CP1_CI_AS NULL,\r\n\t[DateModified] [datetime] NULL,\r\n CONSTRAINT [PK_WorkspaceUser] PRIMARY KEY CLUSTERED \r\n(\r\n\t[WorkspaceId] ASC,\r\n\t[UserId] ASC\r\n)WITH (PAD_INDEX = OFF, STATISTICS_NORECOMPUTE = OFF, IGNORE_DUP_KEY = OFF, ALLOW_ROW_LOCKS = ON, ALLOW_PAGE_LOCKS = ON) ON [PRIMARY],\r\n CONSTRAINT [U_WorkspaceUser_Id] UNIQUE NONCLUSTERED \r\n(\r\n\t[Id] ASC\r\n)WITH (PAD_INDEX = OFF, STATISTICS_NORECOMPUTE = OFF, IGNORE_DUP_KEY = OFF, ALLOW_ROW_LOCKS = ON, ALLOW_PAGE_LOCKS = ON) ON [PRIMARY]\r\n) ON [PRIMARY]\r\n"],"dbo.HandOff":["SET ANSI_NULLS ON","SET QUOTED_IDENTIFIER ON","CREATE TABLE [dbo].[HandOff](\r\n\t[Id] [int] IDENTITY(1,1) NOT NULL,\r\n\t[WorkItemId] [int] NOT NULL,\r\n\t[FromUserId] [int] NOT NULL,\r\n\t[FromActivityId] [int] NOT NULL,\r\n\t[ToActivityId] [int] NOT NULL,\r\n\t[IsForward] [bit] NOT NULL,\r\n\t[MarkdownText] [nvarchar](max) COLLATE SQL_Latin1_General_CP1_CI_AS NULL,\r\n\t[HtmlText] [nvarchar](max) COLLATE SQL_Latin1_General_CP1_CI_AS NULL,\r\n\t[CreatedBy] [nvarchar](50) COLLATE SQL_Latin1_General_CP1_CI_AS NOT NULL,\r\n\t[DateCreated] [datetime] NOT NULL,\r\n\t[ModifiedBy] [nvarchar](50) COLLATE SQL_Latin1_General_CP1_CI_AS NULL,\r\n\t[DateModified] [datetime] NULL,\r\n CONSTRAINT [U_HandOff_Id] UNIQUE NONCLUSTERED \r\n(\r\n\t[Id] ASC\r\n)WITH (PAD_INDEX = OFF, STATISTICS_NORECOMPUTE = OFF, IGNORE_DUP_KEY = OFF, ALLOW_ROW_LOCKS = ON, ALLOW_PAGE_LOCKS = ON) ON [PRIMARY]\r\n) ON [PRIMARY] TEXTIMAGE_ON [PRIMARY]\r\n"],"dbo.__EFMigrationsHistory":["SET ANSI_NULLS ON","SET QUOTED_IDENTIFIER ON","CREATE TABLE [dbo].[__EFMigrationsHistory](\r\n\t[MigrationId] [nvarchar](150) COLLATE SQL_Latin1_General_CP1_CI_AS NOT NULL,\r\n\t[ProductVersion] [nvarchar](32) COLLATE SQL_Latin1_General_CP1_CI_AS NOT NULL,\r\n CONSTRAINT [PK___EFMigrationsHistory] PRIMARY KEY CLUSTERED \r\n(\r\n\t[MigrationId] ASC\r\n)WITH (PAD_INDEX = OFF, STATISTICS_NORECOMPUTE = OFF, IGNORE_DUP_KEY = OFF, ALLOW_ROW_LOCKS = ON, ALLOW_PAGE_LOCKS = ON) ON [PRIMARY]\r\n) ON [PRIMARY]\r\n"],"dbo.AspNetRoles":["SET ANSI_NULLS ON","SET QUOTED_IDENTIFIER ON","CREATE TABLE [dbo].[AspNetRoles](\r\n\t[Id] [nvarchar](450) COLLATE SQL_Latin1_General_CP1_CI_AS NOT NULL,\r\n\t[Name] [nvarchar](256) COLLATE SQL_Latin1_General_CP1_CI_AS NULL,\r\n\t[NormalizedName] [nvarchar](256) COLLATE SQL_Latin1_General_CP1_CI_AS NULL,\r\n\t[ConcurrencyStamp] [nvarchar](max) COLLATE SQL_Latin1_General_CP1_CI_AS NULL,\r\n CONSTRAINT [PK_AspNetRoles] PRIMARY KEY CLUSTERED \r\n(\r\n\t[Id] ASC\r\n)WITH (PAD_INDEX = OFF, STATISTICS_NORECOMPUTE = OFF, IGNORE_DUP_KEY = OFF, ALLOW_ROW_LOCKS = ON, ALLOW_PAGE_LOCKS = ON) ON [PRIMARY]\r\n) ON [PRIMARY] TEXTIMAGE_ON [PRIMARY]\r\n","SET ANSI_PADDING ON\r\n","CREATE UNIQUE NONCLUSTERED INDEX [RoleNameIndex] ON [dbo].[AspNetRoles]\r\n(\r\n\t[NormalizedName] ASC\r\n)\r\nWHERE ([NormalizedName] IS NOT NULL)\r\nWITH (PAD_INDEX = OFF, STATISTICS_NORECOMPUTE = OFF, SORT_IN_TEMPDB = OFF, IGNORE_DUP_KEY = OFF, DROP_EXISTING = OFF, ONLINE = OFF, ALLOW_ROW_LOCKS = ON, ALLOW_PAGE_LOCKS = ON) ON [PRIMARY]"],"dbo.AspNetUsers":["SET ANSI_NULLS ON","SET QUOTED_IDENTIFIER ON","CREATE TABLE [dbo].[AspNetUsers](\r\n\t[Id] [nvarchar](450) COLLATE SQL_Latin1_General_CP1_CI_AS NOT NULL,\r\n\t[UserName] [nvarchar](256) COLLATE SQL_Latin1_General_CP1_CI_AS NULL,\r\n\t[NormalizedUserName] [nvarchar](256) COLLATE SQL_Latin1_General_CP1_CI_AS NULL,\r\n\t[Email] [nvarchar](256) COLLATE SQL_Latin1_General_CP1_CI_AS NULL,\r\n\t[NormalizedEmail] [nvarchar](256) COLLATE SQL_Latin1_General_CP1_CI_AS NULL,\r\n\t[EmailConfirmed] [bit] NOT NULL,\r\n\t[PasswordHash] [nvarchar](max) COLLATE SQL_Latin1_General_CP1_CI_AS NULL,\r\n\t[SecurityStamp] [nvarchar](max) COLLATE SQL_Latin1_General_CP1_CI_AS NULL,\r\n\t[ConcurrencyStamp] [nvarchar](max) COLLATE SQL_Latin1_General_CP1_CI_AS NULL,\r\n\t[PhoneNumber] [nvarchar](max) COLLATE SQL_Latin1_General_CP1_CI_AS NULL,\r\n\t[PhoneNumberConfirmed] [bit] NOT NULL,\r\n\t[TwoFactorEnabled] [bit] NOT NULL,\r\n\t[LockoutEnd] [datetimeoffset](7) NULL,\r\n\t[LockoutEnabled] [bit] NOT NULL,\r\n\t[AccessFailedCount] [int] NOT NULL,\r\n\t[UserId] [int] IDENTITY(1,1) NOT NULL,\r\n\t[TimeZoneId] [nvarchar](100) COLLATE SQL_Latin1_General_CP1_CI_AS NULL,\r\n\t[DisplayName] [nvarchar](50) COLLATE SQL_Latin1_General_CP1_CI_AS NULL,\r\n\t[WorkspaceId] [int] NULL,\r\n CONSTRAINT [PK_AspNetUsers] PRIMARY KEY CLUSTERED \r\n(\r\n\t[Id] ASC\r\n)WITH (PAD_INDEX = OFF, STATISTICS_NORECOMPUTE = OFF, IGNORE_DUP_KEY = OFF, ALLOW_ROW_LOCKS = ON, ALLOW_PAGE_LOCKS = ON) ON [PRIMARY],\r\n CONSTRAINT [U_AspNetUsers_UserId] UNIQUE NONCLUSTERED \r\n(\r\n\t[UserId] ASC\r\n)WITH (PAD_INDEX = OFF, STATISTICS_NORECOMPUTE = OFF, IGNORE_DUP_KEY = OFF, ALLOW_ROW_LOCKS = ON, ALLOW_PAGE_LOCKS = ON) ON [PRIMARY]\r\n) ON [PRIMARY] TEXTIMAGE_ON [PRIMARY]\r\n","SET ANSI_PADDING ON\r\n","CREATE NONCLUSTERED INDEX [EmailIndex] ON [dbo].[AspNetUsers]\r\n(\r\n\t[NormalizedEmail] ASC\r\n)WITH (PAD_INDEX = OFF, STATISTICS_NORECOMPUTE = OFF, SORT_IN_TEMPDB = OFF, DROP_EXISTING = OFF, ONLINE = OFF, ALLOW_ROW_LOCKS = ON, ALLOW_PAGE_LOCKS = ON) ON [PRIMARY]","SET ANSI_PADDING ON\r\n","CREATE UNIQUE NONCLUSTERED INDEX [UserNameIndex] ON [dbo].[AspNetUsers]\r\n(\r\n\t[NormalizedUserName] ASC\r\n)\r\nWHERE ([NormalizedUserName] IS NOT NULL)\r\nWITH (PAD_INDEX = OFF, STATISTICS_NORECOMPUTE = OFF, SORT_IN_TEMPDB = OFF, IGNORE_DUP_KEY = OFF, DROP_EXISTING = OFF, ONLINE = OFF, ALLOW_ROW_LOCKS = ON, ALLOW_PAGE_LOCKS = ON) ON [PRIMARY]"],"dbo.AspNetRoleClaims":["SET ANSI_NULLS ON","SET QUOTED_IDENTIFIER ON","CREATE TABLE [dbo].[AspNetRoleClaims](\r\n\t[Id] [int] IDENTITY(1,1) NOT NULL,\r\n\t[RoleId] [nvarchar](450) COLLATE SQL_Latin1_General_CP1_CI_AS NOT NULL,\r\n\t[ClaimType] [nvarchar](max) COLLATE SQL_Latin1_General_CP1_CI_AS NULL,\r\n\t[ClaimValue] [nvarchar](max) COLLATE SQL_Latin1_General_CP1_CI_AS NULL,\r\n CONSTRAINT [PK_AspNetRoleClaims] PRIMARY KEY CLUSTERED \r\n(\r\n\t[Id] ASC\r\n)WITH (PAD_INDEX = OFF, STATISTICS_NORECOMPUTE = OFF, IGNORE_DUP_KEY = OFF, ALLOW_ROW_LOCKS = ON, ALLOW_PAGE_LOCKS = ON) ON [PRIMARY]\r\n) ON [PRIMARY] TEXTIMAGE_ON [PRIMARY]\r\n","SET ANSI_PADDING ON\r\n","CREATE NONCLUSTERED INDEX [IX_AspNetRoleClaims_RoleId] ON [dbo].[AspNetRoleClaims]\r\n(\r\n\t[RoleId] ASC\r\n)WITH (PAD_INDEX = OFF, STATISTICS_NORECOMPUTE = OFF, SORT_IN_TEMPDB = OFF, DROP_EXISTING = OFF, ONLINE = OFF, ALLOW_ROW_LOCKS = ON, ALLOW_PAGE_LOCKS = ON) ON [PRIMARY]"],"dbo.AspNetUserClaims":["SET ANSI_NULLS ON","SET QUOTED_IDENTIFIER ON","CREATE TABLE [dbo].[AspNetUserClaims](\r\n\t[Id] [int] IDENTITY(1,1) NOT NULL,\r\n\t[UserId] [nvarchar](450) COLLATE SQL_Latin1_General_CP1_CI_AS NOT NULL,\r\n\t[ClaimType] [nvarchar](max) COLLATE SQL_Latin1_General_CP1_CI_AS NULL,\r\n\t[ClaimValue] [nvarchar](max) COLLATE SQL_Latin1_General_CP1_CI_AS NULL,\r\n CONSTRAINT [PK_AspNetUserClaims] PRIMARY KEY CLUSTERED \r\n(\r\n\t[Id] ASC\r\n)WITH (PAD_INDEX = OFF, STATISTICS_NORECOMPUTE = OFF, IGNORE_DUP_KEY = OFF, ALLOW_ROW_LOCKS = ON, ALLOW_PAGE_LOCKS = ON) ON [PRIMARY]\r\n) ON [PRIMARY] TEXTIMAGE_ON [PRIMARY]\r\n","SET ANSI_PADDING ON\r\n","CREATE NONCLUSTERED INDEX [IX_AspNetUserClaims_UserId] ON [dbo].[AspNetUserClaims]\r\n(\r\n\t[UserId] ASC\r\n)WITH (PAD_INDEX = OFF, STATISTICS_NORECOMPUTE = OFF, SORT_IN_TEMPDB = OFF, DROP_EXISTING = OFF, ONLINE = OFF, ALLOW_ROW_LOCKS = ON, ALLOW_PAGE_LOCKS = ON) ON [PRIMARY]"],"dbo.Label":["SET ANSI_NULLS ON","SET QUOTED_IDENTIFIER ON","CREATE TABLE [dbo].[Label](\r\n\t[Id] [int] IDENTITY(1,1) NOT NULL,\r\n\t[WorkspaceId] [int] NOT NULL,\r\n\t[Name] [nvarchar](50) COLLATE SQL_Latin1_General_CP1_CI_AS NOT NULL,\r\n\t[BackColor] [nvarchar](50) COLLATE SQL_Latin1_General_CP1_CI_AS NOT NULL,\r\n\t[TextColor] [nvarchar](50) COLLATE SQL_Latin1_General_CP1_CI_AS NOT NULL,\r\n\t[CreatedBy] [nvarchar](50) COLLATE SQL_Latin1_General_CP1_CI_AS NOT NULL,\r\n\t[DateCreated] [datetime] NOT NULL,\r\n\t[ModifiedBy] [nvarchar](50) COLLATE SQL_Latin1_General_CP1_CI_AS NULL,\r\n\t[DateModified] [datetime] NULL,\r\n\t[IsActive] [bit] NOT NULL,\r\n CONSTRAINT [PK_Label] PRIMARY KEY CLUSTERED \r\n(\r\n\t[WorkspaceId] ASC,\r\n\t[Name] ASC\r\n)WITH (PAD_INDEX = OFF, STATISTICS_NORECOMPUTE = OFF, IGNORE_DUP_KEY = OFF, ALLOW_ROW_LOCKS = ON, ALLOW_PAGE_LOCKS = ON) ON [PRIMARY],\r\n CONSTRAINT [U_Label_Id] UNIQUE NONCLUSTERED \r\n(\r\n\t[Id] ASC\r\n)WITH (PAD_INDEX = OFF, STATISTICS_NORECOMPUTE = OFF, IGNORE_DUP_KEY = OFF, ALLOW_ROW_LOCKS = ON, ALLOW_PAGE_LOCKS = ON) ON [PRIMARY]\r\n) ON [PRIMARY]\r\n"],"dbo.AspNetUserLogins":["SET ANSI_NULLS ON","SET QUOTED_IDENTIFIER ON","CREATE TABLE [dbo].[AspNetUserLogins](\r\n\t[LoginProvider] [nvarchar](128) COLLATE SQL_Latin1_General_CP1_CI_AS NOT NULL,\r\n\t[ProviderKey] [nvarchar](128) COLLATE SQL_Latin1_General_CP1_CI_AS NOT NULL,\r\n\t[ProviderDisplayName] [nvarchar](max) COLLATE SQL_Latin1_General_CP1_CI_AS NULL,\r\n\t[UserId] [nvarchar](450) COLLATE SQL_Latin1_General_CP1_CI_AS NOT NULL,\r\n CONSTRAINT [PK_AspNetUserLogins] PRIMARY KEY CLUSTERED \r\n(\r\n\t[LoginProvider] ASC,\r\n\t[ProviderKey] ASC\r\n)WITH (PAD_INDEX = OFF, STATISTICS_NORECOMPUTE = OFF, IGNORE_DUP_KEY = OFF, ALLOW_ROW_LOCKS = ON, ALLOW_PAGE_LOCKS = ON) ON [PRIMARY]\r\n) ON [PRIMARY] TEXTIMAGE_ON [PRIMARY]\r\n","SET ANSI_PADDING ON\r\n","CREATE NONCLUSTERED INDEX [IX_AspNetUserLogins_UserId] ON [dbo].[AspNetUserLogins]\r\n(\r\n\t[UserId] ASC\r\n)WITH (PAD_INDEX = OFF, STATISTICS_NORECOMPUTE = OFF, SORT_IN_TEMPDB = OFF, DROP_EXISTING = OFF, ONLINE = OFF, ALLOW_ROW_LOCKS = ON, ALLOW_PAGE_LOCKS = ON) ON [PRIMARY]"],"dbo.WorkItemLabel":["SET ANSI_NULLS ON","SET QUOTED_IDENTIFIER ON","CREATE TABLE [dbo].[WorkItemLabel](\r\n\t[Id] [int] IDENTITY(1,1) NOT NULL,\r\n\t[WorkItemId] [int] NOT NULL,\r\n\t[LabelId] [int] NOT NULL,\r\n\t[CreatedBy] [nvarchar](50) COLLATE SQL_Latin1_General_CP1_CI_AS NOT NULL,\r\n\t[DateCreated] [datetime] NOT NULL,\r\n\t[ModifiedBy] [nvarchar](50) COLLATE SQL_Latin1_General_CP1_CI_AS NULL,\r\n\t[DateModified] [datetime] NULL,\r\n CONSTRAINT [PK_WorkItemLabel] PRIMARY KEY CLUSTERED \r\n(\r\n\t[WorkItemId] ASC,\r\n\t[LabelId] ASC\r\n)WITH (PAD_INDEX = OFF, STATISTICS_NORECOMPUTE = OFF, IGNORE_DUP_KEY = OFF, ALLOW_ROW_LOCKS = ON, ALLOW_PAGE_LOCKS = ON) ON [PRIMARY],\r\n CONSTRAINT [U_WorkItemLabel_Id] UNIQUE NONCLUSTERED \r\n(\r\n\t[Id] ASC\r\n)WITH (PAD_INDEX = OFF, STATISTICS_NORECOMPUTE = OFF, IGNORE_DUP_KEY = OFF, ALLOW_ROW_LOCKS = ON, ALLOW_PAGE_LOCKS = ON) ON [PRIMARY]\r\n) ON [PRIMARY]\r\n"],"dbo.AspNetUserRoles":["SET ANSI_NULLS ON","SET QUOTED_IDENTIFIER ON","CREATE TABLE [dbo].[AspNetUserRoles](\r\n\t[UserId] [nvarchar](450) COLLATE SQL_Latin1_General_CP1_CI_AS NOT NULL,\r\n\t[RoleId] [nvarchar](450) COLLATE SQL_Latin1_General_CP1_CI_AS NOT NULL,\r\n CONSTRAINT [PK_AspNetUserRoles] PRIMARY KEY CLUSTERED \r\n(\r\n\t[UserId] ASC,\r\n\t[RoleId] ASC\r\n)WITH (PAD_INDEX = OFF, STATISTICS_NORECOMPUTE = OFF, IGNORE_DUP_KEY = OFF, ALLOW_ROW_LOCKS = ON, ALLOW_PAGE_LOCKS = ON) ON [PRIMARY]\r\n) ON [PRIMARY]\r\n","SET ANSI_PADDING ON\r\n","CREATE NONCLUSTERED INDEX [IX_AspNetUserRoles_RoleId] ON [dbo].[AspNetUserRoles]\r\n(\r\n\t[RoleId] ASC\r\n)WITH (PAD_INDEX = OFF, STATISTICS_NORECOMPUTE = OFF, SORT_IN_TEMPDB = OFF, DROP_EXISTING = OFF, ONLINE = OFF, ALLOW_ROW_LOCKS = ON, ALLOW_PAGE_LOCKS = ON) ON [PRIMARY]"],"dbo.AspNetUserTokens":["SET ANSI_NULLS ON","SET QUOTED_IDENTIFIER ON","CREATE TABLE [dbo].[AspNetUserTokens](\r\n\t[UserId] [nvarchar](450) COLLATE SQL_Latin1_General_CP1_CI_AS NOT NULL,\r\n\t[LoginProvider] [nvarchar](128) COLLATE SQL_Latin1_General_CP1_CI_AS NOT NULL,\r\n\t[Name] [nvarchar](128) COLLATE SQL_Latin1_General_CP1_CI_AS NOT NULL,\r\n\t[Value] [nvarchar](max) COLLATE SQL_Latin1_General_CP1_CI_AS NULL,\r\n CONSTRAINT [PK_AspNetUserTokens] PRIMARY KEY CLUSTERED \r\n(\r\n\t[UserId] ASC,\r\n\t[LoginProvider] ASC,\r\n\t[Name] ASC\r\n)WITH (PAD_INDEX = OFF, STATISTICS_NORECOMPUTE = OFF, IGNORE_DUP_KEY = OFF, ALLOW_ROW_LOCKS = ON, ALLOW_PAGE_LOCKS = ON) ON [PRIMARY]\r\n) ON [PRIMARY] TEXTIMAGE_ON [PRIMARY]\r\n"],"dbo.WorkItemRequirements":["SET ANSI_NULLS ON","SET QUOTED_IDENTIFIER ON","CREATE TABLE [dbo].[WorkItemRequirements](\r\n\t[Id] [int] IDENTITY(1,1) NOT NULL,\r\n\t[WorkItemId] [int] NOT NULL,\r\n\t[Rank] [int] NOT NULL,\r\n\t[MarkdownText] [nvarchar](max) COLLATE SQL_Latin1_General_CP1_CI_AS NULL,\r\n\t[HtmlText] [nvarchar](max) COLLATE SQL_Latin1_General_CP1_CI_AS NULL,\r\n\t[CreatedBy] [nvarchar](50) COLLATE SQL_Latin1_General_CP1_CI_AS NOT NULL,\r\n\t[DateCreated] [datetime] NOT NULL,\r\n\t[ModifiedBy] [nvarchar](50) COLLATE SQL_Latin1_General_CP1_CI_AS NULL,\r\n\t[DateModified] [datetime] NULL,\r\n CONSTRAINT [PK_WorkItemRequirements] PRIMARY KEY CLUSTERED \r\n(\r\n\t[WorkItemId] ASC\r\n)WITH (PAD_INDEX = OFF, STATISTICS_NORECOMPUTE = OFF, IGNORE_DUP_KEY = OFF, ALLOW_ROW_LOCKS = ON, ALLOW_PAGE_LOCKS = ON) ON [PRIMARY],\r\n CONSTRAINT [U_WorkItemRequirements_Id] UNIQUE NONCLUSTERED \r\n(\r\n\t[Id] ASC\r\n)WITH (PAD_INDEX = OFF, STATISTICS_NORECOMPUTE = OFF, IGNORE_DUP_KEY = OFF, ALLOW_ROW_LOCKS = ON, ALLOW_PAGE_LOCKS = ON) ON [PRIMARY]\r\n) ON [PRIMARY] TEXTIMAGE_ON [PRIMARY]\r\n"],"dbo.Folder":["SET ANSI_NULLS ON","SET QUOTED_IDENTIFIER ON","CREATE TABLE [dbo].[Folder](\r\n\t[Id] [int] IDENTITY(1,1) NOT NULL,\r\n\t[ParentId] [int] NOT NULL,\r\n\t[Name] [nvarchar](100) COLLATE SQL_Latin1_General_CP1_CI_AS NOT NULL,\r\n\t[CreatedBy] [nvarchar](50) COLLATE SQL_Latin1_General_CP1_CI_AS NOT NULL,\r\n\t[DateCreated] [datetime] NOT NULL,\r\n\t[ModifiedBy] [nvarchar](50) COLLATE SQL_Latin1_General_CP1_CI_AS NULL,\r\n\t[DateModified] [datetime] NULL,\r\n\t[OwnerUserId] [int] NULL,\r\n\t[Description] [nvarchar](255) COLLATE SQL_Latin1_General_CP1_CI_AS NULL,\r\n CONSTRAINT [PK_Folder] PRIMARY KEY CLUSTERED \r\n(\r\n\t[ParentId] ASC,\r\n\t[Name] ASC\r\n)WITH (PAD_INDEX = OFF, STATISTICS_NORECOMPUTE = OFF, IGNORE_DUP_KEY = OFF, ALLOW_ROW_LOCKS = ON, ALLOW_PAGE_LOCKS = ON) ON [PRIMARY],\r\n CONSTRAINT [U_Folder_Id] UNIQUE NONCLUSTERED \r\n(\r\n\t[Id] ASC\r\n)WITH (PAD_INDEX = OFF, STATISTICS_NORECOMPUTE = OFF, IGNORE_DUP_KEY = OFF, ALLOW_ROW_LOCKS = ON, ALLOW_PAGE_LOCKS = ON) ON [PRIMARY]\r\n) ON [PRIMARY]\r\n"],"dbo.Activity":["SET ANSI_NULLS ON","SET QUOTED_IDENTIFIER ON","CREATE TABLE [dbo].[Activity](\r\n\t[Id] [int] IDENTITY(1,1) NOT NULL,\r\n\t[WorkspaceId] [int] NOT NULL,\r\n\t[Name] [nvarchar](50) COLLATE SQL_Latin1_General_CP1_CI_AS NOT NULL,\r\n\t[CreatedBy] [nvarchar](50) COLLATE SQL_Latin1_General_CP1_CI_AS NOT NULL,\r\n\t[DateCreated] [datetime] NOT NULL,\r\n\t[ModifiedBy] [nvarchar](50) COLLATE SQL_Latin1_General_CP1_CI_AS NULL,\r\n\t[DateModified] [datetime] NULL,\r\n\t[Order] [int] NOT NULL,\r\n\t[IsActive] [bit] NOT NULL,\r\n CONSTRAINT [PK_Activity] PRIMARY KEY CLUSTERED \r\n(\r\n\t[WorkspaceId] ASC,\r\n\t[Name] ASC\r\n)WITH (PAD_INDEX = OFF, STATISTICS_NORECOMPUTE = OFF, IGNORE_DUP_KEY = OFF, ALLOW_ROW_LOCKS = ON, ALLOW_PAGE_LOCKS = ON) ON [PRIMARY],\r\n CONSTRAINT [U_Activity_Id] UNIQUE NONCLUSTERED \r\n(\r\n\t[Id] ASC\r\n)WITH (PAD_INDEX = OFF, STATISTICS_NORECOMPUTE = OFF, IGNORE_DUP_KEY = OFF, ALLOW_ROW_LOCKS = ON, ALLOW_PAGE_LOCKS = ON) ON [PRIMARY]\r\n) ON [PRIMARY]\r\n"],"dbo.WorkItem":["SET ANSI_NULLS ON","SET QUOTED_IDENTIFIER ON","CREATE TABLE [dbo].[WorkItem](\r\n\t[Id] [int] IDENTITY(1,1) NOT NULL,\r\n\t[WorkspaceId] [int] NOT NULL,\r\n\t[Number] [int] NOT NULL,\r\n\t[Title] [nvarchar](255) COLLATE SQL_Latin1_General_CP1_CI_AS NOT NULL,\r\n\t[CreatedBy] [nvarchar](50) COLLATE SQL_Latin1_General_CP1_CI_AS NOT NULL,\r\n\t[DateCreated] [datetime] NOT NULL,\r\n\t[ModifiedBy] [nvarchar](50) COLLATE SQL_Latin1_General_CP1_CI_AS NULL,\r\n\t[DateModified] [datetime] NULL,\r\n\t[ActivityId] [int] NULL,\r\n\t[Iteration] [int] NOT NULL,\r\n\t[FolderId] [int] NOT NULL,\r\n\t[ParentId] [int] NULL,\r\n\t[CloseReasonId] [int] NULL,\r\n CONSTRAINT [PK_WorkItem] PRIMARY KEY CLUSTERED \r\n(\r\n\t[WorkspaceId] ASC,\r\n\t[Number] ASC\r\n)WITH (PAD_INDEX = OFF, STATISTICS_NORECOMPUTE = OFF, IGNORE_DUP_KEY = OFF, ALLOW_ROW_LOCKS = ON, ALLOW_PAGE_LOCKS = ON) ON [PRIMARY],\r\n CONSTRAINT [U_WorkItem_Id] UNIQUE NONCLUSTERED \r\n(\r\n\t[Id] ASC\r\n)WITH (PAD_INDEX = OFF, STATISTICS_NORECOMPUTE = OFF, IGNORE_DUP_KEY = OFF, ALLOW_ROW_LOCKS = ON, ALLOW_PAGE_LOCKS = ON) ON [PRIMARY]\r\n) ON [PRIMARY]\r\n"],"dbo.Workspace":["SET ANSI_NULLS ON","SET QUOTED_IDENTIFIER ON","CREATE TABLE [dbo].[Workspace](\r\n\t[Id] [int] IDENTITY(1,1) NOT NULL,\r\n\t[Name] [nvarchar](100) COLLATE SQL_Latin1_General_CP1_CI_AS NOT NULL,\r\n\t[NextWorkItemNumber] [int] NOT NULL,\r\n\t[CreatedBy] [nvarchar](50) COLLATE SQL_Latin1_General_CP1_CI_AS NOT NULL,\r\n\t[DateCreated] [datetime] NOT NULL,\r\n\t[ModifiedBy] [nvarchar](50) COLLATE SQL_Latin1_General_CP1_CI_AS NULL,\r\n\t[DateModified] [datetime] NULL,\r\n\t[IterationSetupId] [int] NULL,\r\n\t[OwnerUserId] [int] NULL,\r\n\t[IterationScheduleId] [int] NULL,\r\n CONSTRAINT [PK_Workspace] PRIMARY KEY CLUSTERED \r\n(\r\n\t[Name] ASC\r\n)WITH (PAD_INDEX = OFF, STATISTICS_NORECOMPUTE = OFF, IGNORE_DUP_KEY = OFF, ALLOW_ROW_LOCKS = ON, ALLOW_PAGE_LOCKS = ON) ON [PRIMARY],\r\n CONSTRAINT [U_Workspace_Id] UNIQUE NONCLUSTERED \r\n(\r\n\t[Id] ASC\r\n)WITH (PAD_INDEX = OFF, STATISTICS_NORECOMPUTE = OFF, IGNORE_DUP_KEY = OFF, ALLOW_ROW_LOCKS = ON, ALLOW_PAGE_LOCKS = ON) ON [PRIMARY]\r\n) ON [PRIMARY]\r\n"],"dbo.FolderLevel":["SET ANSI_NULLS ON","SET QUOTED_IDENTIFIER ON","CREATE TABLE [dbo].[FolderLevel](\r\n\t[Id] [int] IDENTITY(1,1) NOT NULL,\r\n\t[FolderOrWorkspaceId] [int] NOT NULL,\r\n\t[Level] [int] NOT NULL,\r\n\t[Name] [nvarchar](50) COLLATE SQL_Latin1_General_CP1_CI_AS NOT NULL,\r\n\t[Icon] [nvarchar](50) COLLATE SQL_Latin1_General_CP1_CI_AS NULL,\r\n\t[CreatedBy] [nvarchar](50) COLLATE SQL_Latin1_General_CP1_CI_AS NOT NULL,\r\n\t[DateCreated] [datetime] NOT NULL,\r\n\t[ModifiedBy] [nvarchar](50) COLLATE SQL_Latin1_General_CP1_CI_AS NULL,\r\n\t[DateModified] [datetime] NULL,\r\n CONSTRAINT [PK_FolderLevel] PRIMARY KEY CLUSTERED \r\n(\r\n\t[FolderOrWorkspaceId] ASC,\r\n\t[Level] ASC\r\n)WITH (PAD_INDEX = OFF, STATISTICS_NORECOMPUTE = OFF, IGNORE_DUP_KEY = OFF, ALLOW_ROW_LOCKS = ON, ALLOW_PAGE_LOCKS = ON) ON [PRIMARY],\r\n CONSTRAINT [U_FolderLevel_Id] UNIQUE NONCLUSTERED \r\n(\r\n\t[Id] ASC\r\n)WITH (PAD_INDEX = OFF, STATISTICS_NORECOMPUTE = OFF, IGNORE_DUP_KEY = OFF, ALLOW_ROW_LOCKS = ON, ALLOW_PAGE_LOCKS = ON) ON [PRIMARY]\r\n) ON [PRIMARY]\r\n"],"dbo.IterationSchedule":["SET ANSI_NULLS ON","SET QUOTED_IDENTIFIER ON","CREATE TABLE [dbo].[IterationSchedule](\r\n\t[Id] [int] IDENTITY(1,1) NOT NULL,\r\n\t[WorkspaceId] [int] NOT NULL,\r\n\t[Name] [nvarchar](50) COLLATE SQL_Latin1_General_CP1_CI_AS NOT NULL,\r\n\t[SeedDate] [datetime] NOT NULL,\r\n\t[WorkingDays] [int] NOT NULL,\r\n\t[OffDays] [int] NOT NULL,\r\n\t[IsActive] [bit] NOT NULL,\r\n\t[CreatedBy] [nvarchar](50) COLLATE SQL_Latin1_General_CP1_CI_AS NOT NULL,\r\n\t[DateCreated] [datetime] NOT NULL,\r\n\t[ModifiedBy] [nvarchar](50) COLLATE SQL_Latin1_General_CP1_CI_AS NULL,\r\n\t[DateModified] [datetime] NULL,\r\n CONSTRAINT [PK_IterationSchedule] PRIMARY KEY CLUSTERED \r\n(\r\n\t[WorkspaceId] ASC,\r\n\t[Name] ASC\r\n)WITH (PAD_INDEX = OFF, STATISTICS_NORECOMPUTE = OFF, IGNORE_DUP_KEY = OFF, ALLOW_ROW_LOCKS = ON, ALLOW_PAGE_LOCKS = ON) ON [PRIMARY],\r\n CONSTRAINT [U_IterationSchedule_Id] UNIQUE NONCLUSTERED \r\n(\r\n\t[Id] ASC\r\n)WITH (PAD_INDEX = OFF, STATISTICS_NORECOMPUTE = OFF, IGNORE_DUP_KEY = OFF, ALLOW_ROW_LOCKS = ON, ALLOW_PAGE_LOCKS = ON) ON [PRIMARY]\r\n) ON [PRIMARY]\r\n"]}